<component name="ProjectRunConfigurationManager">
  <configuration default="false" name="Tpo08Application" type="SpringBootApplicationConfigurationType" factoryName="Spring Boot" nameIsGenerated="true">
    <module name="TPO08.main" />
    <option name="SPRING_BOOT_MAIN_CLASS" value="pl.edu.pja.tpo08.Tpo08Application" />
    <option name="VM_PARAMETERS" value="--add-exports jdk.compiler/com.sun.tools.javac.parser=ALL-UNNAMED --add-exports jdk.compiler/com.sun.tools.javac.util=ALL-UNNAMED --add-exports jdk.compiler/com.sun.tools.javac.file=ALL-UNNAMED --add-exports jdk.compiler/com.sun.tools.javac.tree=ALL-UNNAMED" />
    <method v="2">
      <option name="Make" enabled="true" />
    </method>
  </configuration>
</component>